{"songsie.n.p1-29.300": [[0.033466436086133894, [213, 150, 138, 255]], [0.011902107062861246, [184, 119, 104, 255]], [0.06910543449142546, [40, 31, 25, 255]], [0.06078966819685743, [64, 54, 46, 255]], [0.0397106242364825, [75, 65, 56, 254]], [0.026317598035296774, [77, 55, 36, 255]], [0.10309923238001467, [54, 44, 34, 255]], [0.015341179242702842, [106, 81, 55, 255]], [0.04944858432809759, [113, 99, 83, 255]], [0.038413258100123006, [86, 74, 60, 255]], [0.03524207449546483, [96, 86, 75, 254]], [0.10072189659500998, [146, 134, 115, 255]], [0.06755981559167609, [126, 114, 97, 255]], [0.13209150849318987, [172, 160, 138, 255]], [0.2059852759462708, [204, 193, 170, 255]], [0.010805306718393005, [210, 186, 115, 255]]], "songsie.n.p2-30.300": [[0.06610446167458685, [72, 70, 69, 255]], [0.01587756755218788, [182, 144, 122, 254]], [0.041289486104617884, [203, 170, 142, 255]], [0.0218302606576638, [119, 97, 77, 255]], [0.017478713682714205, [155, 131, 110, 255]], [0.022286615199395694, [134, 119, 103, 255]], [0.0631521044192749, [167, 154, 138, 255]], [0.21492625243658736, [209, 197, 178, 255]], [0.16882105434635858, [195, 183, 164, 255]], [0.10895938890891096, [179, 168, 152, 255]], [0.0042444319724892965, [175, 144, 94, 254]], [0.025336045425687292, [145, 140, 130, 255]], [0.01631718537478535, [223, 198, 145, 255]], [0.04303679958225149, [86, 88, 88, 255]], [0.0232796605347047, [103, 111, 113, 255]], [0.08854505469001922, [56, 52, 53, 255]], [0.05851491743776451, [40, 36, 37, 255]]], "songsie.n.p23-33.300": [[0.0711863701848371, [44, 35, 27, 255]], [0.05067741253481797, [181, 156, 134, 255]], [0.03702980568941037, [160, 139, 120, 255]], [0.029267317719013877, [107, 88, 71, 254]], [0.03610094122621662, [125, 110, 94, 255]], [0.14129484168290832, [189, 176, 162, 255]], [0.09865603478851581, [60, 52, 43, 255]], [0.02815707051860444, [143, 127, 107, 254]], [0.22272182704405058, [207, 195, 176, 255]], [0.08173545154481482, [78, 72, 58, 255]], [0.02605095121959673, [205, 181, 126, 255]], [0.01910179730652412, [174, 154, 92, 255]], [0.021560284343434925, [148, 134, 78, 254]], [0.022766421780716358, [123, 115, 68, 255]], [0.024877162295958863, [97, 95, 60, 254]], [0.044698714031052265, [156, 158, 150, 255]], [0.028515214776801034, [95, 97, 91, 255]], [0.01560238131272579, [124, 128, 126, 255]]], "songsie.n.p6-49.300": [[0.03692572733930611, [202, 155, 137, 255]], [0.12491224874681724, [57, 48, 43, 255]], [0.1070672803878637, [40, 35, 32, 255]], [0.028062692657481087, [180, 135, 108, 255]], [0.08602342310207478, [73, 56, 45, 255]], [0.07247905670090704, [201, 176, 157, 255]], [0.05762174181968588, [142, 119, 102, 255]], [0.06776863267420284, [112, 94, 79, 254]], [0.017605905485417798, [192, 128, 70, 254]], [0.10120834266184493, [215, 194, 172, 255]], [0.09463348119814771, [82, 71, 60, 255]], [0.043224844324533544, [166, 150, 133, 255]], [0.04220661356688132, [209, 177, 137, 255]], [0.02946038829376147, [204, 158, 98, 255]], [0.06445590428377901, [221, 197, 153, 254]], [0.026343716757295528, [216, 180, 121, 255]]], "songsie.n.p17-41.300": [[0.012230224183993495, [195, 135, 124, 255]], [0.0039040538970844464, [169, 96, 80, 255]], [0.0337820885120223, [204, 157, 145, 255]], [0.010327564177024044, [165, 121, 106, 255]], [0.16910907190149843, [51, 42, 36, 255]], [0.1464897200604019, [74, 60, 49, 255]], [0.10149494714833314, [200, 178, 161, 255]], [0.029076547798815192, [155, 138, 118, 255]], [0.026303868045069113, [132, 109, 81, 255]], [0.11463700778255315, [211, 195, 173, 255]], [0.09046230688814032, [95, 83, 67, 255]], [0.026711580903705425, [203, 170, 118, 255]], [0.013971425252642583, [172, 143, 102, 255]], [0.04892321988616564, [109, 103, 92, 255]], [0.041772563596236496, [218, 193, 148, 255]], [0.05944941340457661, [167, 163, 151, 255]], [0.039530723661284704, [125, 124, 115, 255]], [0.031823672900453015, [141, 146, 141, 255]]], "songsie.n.p20-52.300": [[0.022260440201635607, [179, 97, 96, 254]], [0.04208371781233746, [199, 128, 125, 255]], [0.006957920369672092, [141, 69, 66, 255]], [0.012927691378575655, [125, 87, 74, 255]], [0.02228496510821104, [96, 60, 43, 255]], [0.1123046565644489, [51, 38, 31, 255]], [0.11507699287858025, [180, 161, 148, 255]], [0.12204717570154006, [64, 52, 43, 255]], [0.05580335929907817, [147, 134, 123, 254]], [0.0484285155176237, [180, 128, 74, 255]], [0.015400619458265251, [139, 96, 55, 255]], [0.026361208955269635, [142, 117, 88, 254]], [0.019609706549274113, [81, 76, 70, 255]], [0.14693484652006905, [212, 190, 160, 255]], [0.03637963329133443, [119, 107, 92, 255]], [0.07596283250408493, [205, 165, 102, 255]], [0.03709085558202202, [93, 81, 64, 255]], [0.02929602277546324, [102, 93, 80, 255]], [0.052788839532514405, [74, 67, 54, 255]]], "songsie.n.p4-32.300": [[0.0252592151768593, [164, 100, 80, 255]], [0.047792431620732094, [181, 133, 107, 255]], [0.04654354878961817, [199, 161, 140, 255]], [0.02262813580507616, [39, 30, 24, 255]], [0.05658473739332237, [64, 49, 37, 255]], [0.05676817705767044, [49, 42, 36, 255]], [0.1071746238953626, [203, 179, 156, 255]], [0.07942830815303988, [91, 76, 61, 255]], [0.0657844498623136, [113, 94, 76, 255]], [0.04436466952064656, [126, 111, 95, 255]], [0.03816718179084039, [146, 131, 115, 255]], [0.03611841670239474, [164, 146, 128, 255]], [0.04259959600613456, [181, 156, 128, 255]], [0.03006170824987895, [145, 120, 90, 255]], [0.08253931687922204, [70, 61, 50, 255]], [0.031341519861609705, [205, 168, 108, 255]], [0.1579351519456336, [212, 197, 169, 255]], [0.028908811289644832, [177, 173, 158, 255]]], "songsie.n.p19-50.300": [[0.02928984243452666, [166, 84, 68, 255]], [0.028340573960452822, [201, 127, 103, 255]], [0.0880960424015314, [72, 50, 41, 255]], [0.046429048400908154, [52, 34, 26, 255]], [0.07829697307743674, [92, 69, 57, 255]], [0.0631427202237393, [126, 109, 101, 255]], [0.07537322617728931, [113, 90, 73, 255]], [0.07065176118761997, [197, 169, 147, 255]], [0.062349262712996206, [167, 150, 135, 255]], [0.07383344724555022, [150, 125, 100, 255]], [0.07133392515312682, [221, 189, 152, 255]], [0.03212193582683248, [213, 159, 101, 255]], [0.020772612884388267, [186, 138, 86, 255]], [0.12129294294176336, [200, 188, 173, 255]], [0.10893150340558248, [221, 201, 170, 255]], [0.029744181966255796, [219, 179, 121, 255]]], "songsie.n.p25-53.300": [[0.008463038682796957, [168, 108, 99, 254]], [0.004573875275168582, [131, 78, 69, 255]], [0.021739601794401566, [43, 27, 20, 254]], [0.08997684532701268, [55, 39, 31, 255]], [0.06501225063649674, [76, 61, 52, 255]], [0.13016600839228512, [64, 50, 41, 255]], [0.06765866200453964, [180, 149, 127, 255]], [0.024468178586549292, [88, 58, 38, 255]], [0.03899776441575248, [96, 74, 58, 255]], [0.022283947729096032, [122, 98, 80, 255]], [0.021916485693516122, [132, 112, 96, 255]], [0.04383639494636994, [155, 130, 107, 255]], [0.022382089763443462, [106, 87, 71, 255]], [0.011311440051764217, [120, 88, 54, 255]], [0.15672940529350746, [202, 171, 134, 255]], [0.020414684330711266, [143, 112, 75, 255]], [0.21492877284797912, [215, 193, 163, 255]], [0.035140554228609316, [187, 143, 85, 255]]], "songsie.n.p7-48.300": [[0.09650609518787742, [34, 28, 28, 255]], [0.029618241851302754, [172, 122, 118, 254]], [0.019812071222564235, [147, 91, 88, 255]], [0.14472433270218665, [50, 38, 35, 255]], [0.13848476859286246, [64, 49, 45, 255]], [0.06596110629857005, [73, 65, 62, 255]], [0.04611821959567807, [94, 61, 50, 255]], [0.07369236791857409, [165, 151, 145, 255]], [0.07949024347653401, [189, 171, 162, 255]], [0.05397046050882064, [98, 83, 76, 255]], [0.012818098502253525, [118, 82, 56, 255]], [0.0301306918760122, [125, 103, 84, 255]], [0.04135095065756811, [137, 128, 119, 255]], [0.014422786107468418, [162, 123, 81, 255]], [0.09028022684758777, [212, 194, 167, 255]], [0.037290155138823736, [196, 167, 112, 255]], [0.025329183515315865, [103, 107, 110, 255]]],