{"songsie.n.p1-29.300": [[0.021459137174378633, [214, 120, 115, 255]], [0.2286464053140117, [54, 42, 33, 255]], [0.1434424102678465, [88, 73, 60, 255]], [0.20527558160573253, [187, 166, 144, 255]], [0.13981118764402517, [143, 124, 105, 255]], [0.10042174918616573, [122, 105, 88, 255]], [0.0047911380776259746, [76, 52, 0, 255]], [0.14617319066513507, [216, 207, 181, 255]], [0.009979200065078691, [201, 171, 88, 255]]], "songsie.n.p2-30.300": [[0.18582779254948212, [59, 54, 54, 255]], [0.003559342269253643, [231, 133, 119, 255]], [0.1345040854331407, [156, 137, 120, 255]], [0.5112509804927959, [200, 182, 161, 255]], [0.10039353605591403, [107, 101, 94, 255]], [0.007049506099418343, [209, 170, 94, 255]], [0.03249824543394408, [234, 215, 163, 255]], [0.0031174928841049146, [169, 171, 194, 255]], [0.021799018781946213, [28, 18, 21, 255]]], "songsie.n.p23-33.300": [[0.1837522658400851, [56, 46, 36, 255]], [0.34355854445552253, [198, 185, 165, 255]], [0.12796609875770154, [165, 150, 127, 255]], [0.006408471613601626, [87, 53, 0, 255]], [0.15085151685646386, [97, 86, 68, 255]], [0.11958552311590126, [140, 126, 100, 255]], [0.025217976993274976, [196, 165, 87, 255]], [0.030019420661226724, [228, 216, 170, 255]], [0.012640181706222352, [156, 160, 182, 255]]], "songsie.n.p6-49.300": [[0.022842520810486384, [216, 142, 137, 255]], [0.27075072066704864, [54, 43, 36, 255]], [0.07633062521898286, [171, 137, 114, 255]], [0.17284878198098375, [87, 73, 62, 255]], [0.0820491609399092, [140, 115, 94, 255]], [0.20419258095566964, [206, 177, 148, 255]], [0.0028004508042758103, [90, 44, 0, 255]], [0.045715398811263026, [208, 151, 82, 255]], [0.12246975981138065, [227, 204, 170, 255]]], "songsie.n.p17-41.300": [[0.013455685910094087, [212, 117, 105, 255]], [0.23311534440701592, [57, 44, 35, 255]], [0.21313276803345335, [199, 176, 155, 255]], [0.175764897200604, [89, 76, 63, 255]], [0.11477988151934022, [158, 141, 125, 255]], [0.11148797769775816, [131, 116, 100, 255]], [0.0033070042978278545, [83, 48, 0, 255]], [0.1123080497154141, [222, 205, 173, 255]], [0.022648391218492277, [205, 169, 92, 255]]], "songsie.n.p20-52.300": [[0.04580639425626688, [200, 107, 108, 255]], [0.22011614587005682, [58, 44, 35, 255]], [0.16838903041803724, [190, 160, 139, 255]], [0.0973597916200438, [153, 121, 97, 255]], [0.092685753175209, [131, 102, 81, 255]], [0.154014369551511, [89, 72, 58, 255]], [0.004741481937917243, [91, 43, 0, 255]], [0.13609075032929796, [221, 197, 162, 255]], [0.08079628284166004, [203, 153, 82, 255]]], "songsie.n.p4-32.300": [[0.005572513059410988, [231, 153, 141, 255]], [0.12269873874565664, [142, 114, 93, 255]], [0.12094646334726195, [186, 154, 128, 255]], [0.09774241231690695, [170, 137, 112, 255]], [0.1978172812961932, [60, 48, 38, 255]], [0.14533860615717367, [99, 81, 65, 255]], [0.2808994516007244, [209, 186, 159, 255]], [0.004672378892493691, [89, 53, 0, 255]], [0.02431215458417854, [206, 164, 90, 255]]], "songsie.n.p19-50.300": [[0.017700911035867947, [231, 114, 96, 255]], [0.1535117696197427, [66, 45, 36, 255]], [0.15951376504754197, [112, 83, 69, 255]], [0.13492967557276897, [153, 120, 98, 255]], [0.1029609320376146, [177, 144, 121, 255]], [0.3050817942090695, [211, 186, 159, 255]], [0.056270016471444695, [217, 159, 90, 255]], [0.06306416007416078, [235, 214, 171, 255]], [0.006966975931788841, [163, 155, 182, 255]]], "songsie.n.p25-53.300": [[0.006066547146406233, [210, 117, 116, 255]], [0.2675112207157293, [60, 44, 34, 255]], [0.13200902450241417, [94, 72, 56, 255]], [0.09409310483737522, [172, 137, 107, 255]], [0.0896972546477671, [143, 114, 89, 255]], [0.23922577346764337, [205, 175, 142, 255]], [0.00470054697066352, [86, 47, 0, 255]], [0.02707236605609388, [203, 146, 61, 255]], [0.1396241616559072, [225, 205, 172, 255]]], "songsie.n.p7-48.300": [[0.08426207767098882, [28, 20, 20, 255]], [0.33910952392365523, [59, 44, 40, 255]], [0.15672182637645332, [104, 82, 74, 255]], [0.15626073548562344, [149, 123, 112, 255]], [0.2445721955344945, [197, 176, 154, 255]], [0.005399556941871732, [121, 85, 10, 255]], [0.000594624638916756, [58, 38, 105, 255]], [0.000457666948571246, [188, 149, 220, 255]], [0.01262179247942496, [115, 34, 42, 255]]], "songsie.n.p18-43.300": [[0.015436003691683322, [229, 154, 153, 255]], [0.28859153724382836, [63, 48, 38, 255]], [0.08773554345367976, [184, 154, 135, 255]], [0.1139868346260337, [114, 93, 76, 255]], [0.07497356534707324, [161, 135, 115, 255]], [0.3478448881798901, [208, 192, 168, 255]], [0.01274058590192591, [92, 57, 3, 255]], [0.058616168839503456, [224, 191, 126, 255]], [7.487271638215035e-05, [194, 184, 227, 255]]], "songsie.n.p11-47.300": [[0.28128328058971785, [52, 40, 31, 255]], [0.15551597152476423, [93, 79, 62, 255]], [0.015435245368352567, [84, 48, 0, 255]], [0.10024571576560358, [140, 124, 101, 255]], [0.2847763607536968, [220, 193, 146, 255]], [0.08072489309153386, [171, 154, 126, 255]], [0.04518138118789992, [220, 182, 88, 255]], [0.01854048625191867, [244, 224, 156, 255]], [0.01829666546651254, [185, 179, 188, 255]]], "songsie.n.p21-46.300": [[0.001085325456072632, [104, 23, 23, 255]], [0.009287959089297342, [201, 95, 66, 255]], [0.15317649818730425, [55, 44, 33, 255]], [0.0061897256755645376, [201, 144, 86, 255]], [0.154199805045887, [82, 71, 57, 255]], [0.11120608645122844, [112, 98, 80, 255]], [0.17951283043441332, [170, 157, 133, 255]], [0.12886790443203772, [130, 118, 98, 255]], [0.2564738652281947, [204, 198, 173, 255]]], "songsie.n.p15-36.300": [[0.008186615602015062, [213, 115, 94, 255]], [0.15680254380432415, [60, 40, 32, 255]], [0.1610828960409308, [105, 80, 61, 255]], [0.1486820780636795, [169, 138, 112, 255]], [0.13726894594757966, [143, 114, 89, 255]], [0.22786574315377447, [201, 176, 151, 255]], [0.12108161866429744, [225, 205, 172, 255]], [0.03685573741698477, [207, 164, 88, 255]], [0.0021738213064141413, [156, 146, 187, 255]]], "songsie.n.p10-39.300": [[0.01238283871519094, [212, 139, 138, 255]], [0.21012871717661727, [54, 41, 32, 255]], [0.1479594016825479, [93, 76, 62, 255]], [0.12494187493244925, [133, 117, 98, 255]], [0.1368735374476246, [157, 142, 117, 255]], [0.006422034490472516, [79, 50, 0, 255]], [0.20522987364552883, [189, 178, 154, 255]], [0.030653589678496112, [202, 172, 91, 255]], [0.12540813223107258, [217, 207, 177, 255]]], "songsie.n.p12-51.300": [[0.0272664743860217, [234, 134, 113, 255]], [0.1430036240470259, [68, 46, 32, 255]], [0.11094207882735779, [130, 99, 72, 255]], [0.12812364531734977, [167, 133, 100, 255]], [0.36303240834397815, [211, 182, 146, 255]], [0.01678159192190092, [112, 63, 0, 255]], [0.05541381761853292, [220, 171, 81, 255]], [0.1294299206408841, [237, 213, 163, 255]], [0.026006438896948748, [166, 168, 191, 255]]], "songsie.n.p5-37.300": [[0.0017543751274084049, [211, 155, 148, 255]], [0.029776193623711245, [27, 19, 14, 255]], [0.22504802910780142, [56, 46, 38, 255]], [0.1012484479339762, [140, 125, 109, 255]], [0.13420104891865012, [97, 85, 72, 255]], [0.1318066975123702, [161, 151, 134, 255]], [0.131277914023264, [217, 206, 185, 255]], [0.001440564365181831, [188, 157, 94, 255]], [0.2434467293876366, [191, 183, 165, 255]]], "songsie.n.p9-40.300": [[0.03190056791106277, [201, 109, 108, 255]], [0.19455747226317885, [57, 46, 40, 255]], [0.19286775464896594, [188, 168, 150, 255]], [0.14176360772089946, [97, 81, 67, 255]], [0.10117450511007832, [150, 132, 117, 255]], [0.0030094240720288383, [100, 45, 0, 255]], [0.0976380954516659, [133, 112, 92, 255]], [0.07213423556255712, [202, 150, 92, 255]], [0.16495433725956282, [212, 199, 176, 255]]], "songsie.n.p3-31.300": [[0.008229984352166772, [222, 140, 108, 255]], [0.22148020743078098, [59, 50, 38, 255]], [0.12577366249822183, [106, 92, 72, 255]], [0.1153491018661011, [152, 133, 106, 255]], [0.01355800690573797, [91, 60, 4, 255]], [0.3978972415844401, [207, 189, 154, 255]], [0.044632534561020086, [215, 175, 82, 255]], [0.05243834624387342, [240, 225, 162, 255]], [0.02064091455765774, [172, 154, 182, 255]]],