{"songsie.n.p1-29.300": [[0.2012954043720599, [54, 42, 33, 255]], [0.2862919400489774, [171, 149, 128, 255]], [0.22572238850349657, [99, 83, 68, 255]], [0.0945479689529329, [210, 193, 167, 254]], [0.07356426950469998, [205, 201, 176, 255]], [0.025080577069266825, [91, 90, 73, 255]], [0.059772897492503314, [155, 154, 130, 255]], [0.02150404919058265, [42, 44, 36, 255]], [0.0027083432681329965, [126, 141, 143, 255]], [1.2623039571826497e-05, [184, 196, 198, 255]], [0.0023492879203121536, [83, 98, 101, 255]], [0.0011697350003225888, [38, 46, 49, 255]], [0.00096916892712579, [82, 77, 85, 255]], [0.0001795276739104213, [147, 141, 150, 255]], [0.0048220011164377225, [42, 36, 43, 255]], [9.817919666976165e-06, [197, 191, 197, 255]]], "songsie.n.p2-30.300": [[0.058040710395622565, [57, 43, 34, 255]], [0.07690076129756436, [100, 83, 68, 255]], [0.30370115806938597, [178, 161, 140, 255]], [0.24358397871981952, [209, 193, 171, 255]], [0.0773191792759249, [201, 197, 176, 255]], [0.06457137820187385, [167, 165, 148, 255]], [0.005036636678185249, [45, 46, 41, 255]], [0.014909069404942688, [87, 91, 85, 255]], [4.0168125922611645e-05, [183, 194, 197, 255]], [0.005961619355680944, [120, 134, 138, 255]], [0.0688816412696252, [71, 83, 90, 255]], [0.027479461256168874, [40, 50, 59, 255]], [0.041524915953775415, [39, 43, 53, 255]], [0.01139435838671417, [71, 74, 83, 255]], [0.0006259532956273648, [135, 136, 143, 255]], [2.901031316633063e-05, [198, 188, 196, 255]]], "songsie.n.p23-33.300": [[0.11233252423539089, [53, 41, 32, 255]], [0.2393720691380161, [178, 155, 134, 255]], [0.12524997891570092, [99, 83, 68, 255]], [0.151253562668891, [210, 191, 170, 255]], [0.11756489631723725, [159, 157, 131, 255]], [0.09984946388115157, [198, 197, 178, 254]], [0.09619523714348761, [88, 89, 67, 255]], [0.0346209967270236, [46, 49, 39, 255]], [7.509476381541476e-05, [182, 194, 195, 255]], [0.00785029107885759, [133, 146, 149, 255]], [0.0008988265576675798, [43, 51, 53, 255]], [0.007943870707612183, [85, 94, 97, 255]], [0.002628316733539517, [85, 83, 89, 255]], [0.0010455501731223133, [148, 146, 152, 255]], [0.00010051145310678591, [193, 188, 195, 255]], [0.0030188095053796733, [45, 40, 46, 255]]], "songsie.n.p6-49.300": [[0.2190663393149647, [54, 43, 36, 255]], [0.19788460978994088, [94, 77, 65, 255]], [0.27578748448937307, [188, 152, 124, 255]], [0.20787212539543404, [216, 191, 160, 255]], [0.007847333690030319, [210, 199, 162, 255]], [0.009508124975492893, [154, 149, 126, 255]], [0.02576819502470949, [83, 82, 70, 255]], [0.031243873223313817, [42, 44, 39, 255]], [0.0004414441421374245, [127, 134, 136, 255]], [0.006071438058050537, [73, 81, 84, 255]], [0.0047989658317174454, [38, 45, 48, 255]], [6.324414643802643e-06, [180, 189, 195, 255]], [0.01043528416227436, [38, 38, 41, 255]], [0.003031924380238987, [76, 76, 81, 255]], [0.00022388427839061355, [138, 136, 142, 255]], [1.2648829287605286e-05, [200, 186, 194, 255]]], "songsie.n.p17-41.300": [[0.2146209950296144, [184, 153, 131, 255]], [0.18048226330847172, [56, 44, 36, 255]], [0.1873750579336252, [96, 79, 65, 255]], [0.14637140942201118, [215, 192, 164, 254]], [0.04655714549558078, [202, 198, 173, 255]], [0.025960071971276536, [47, 47, 38, 255]], [0.07305851209026842, [87, 88, 71, 255]], [0.09147646820358718, [153, 157, 142, 255]], [0.01472762774727349, [128, 141, 143, 255]], [2.9039411127205397e-05, [181, 190, 192, 255]], [0.012425383233108645, [88, 101, 105, 255]], [0.0006260897039025484, [40, 49, 52, 255]], [0.0007863872533247221, [141, 141, 147, 255]], [0.001753980432083206, [85, 82, 89, 255]], [0.003732145118068438, [44, 39, 45, 255]], [1.7423646676323238e-05, [194, 188, 193, 255]]], "songsie.n.p20-52.300": [[0.33769637787937434, [187, 145, 119, 255]], [0.2055941254733813, [105, 81, 65, 255]], [0.18162207566334695, [58, 44, 35, 255]], [0.11218600487636395, [214, 191, 155, 255]], [0.01835789568341648, [206, 197, 166, 255]], [0.05918467031406154, [84, 83, 66, 255]], [0.0403199270793523, [158, 158, 141, 255]], [0.026277388672365978, [48, 50, 42, 255]], [0.0007020247333430071, [41, 50, 52, 255]], [2.5546751577256443e-05, [181, 190, 192, 255]], [0.005767434636081414, [140, 151, 154, 255]], [0.0025250409258960266, [72, 85, 89, 255]], [0.004051714800152872, [148, 146, 152, 255]], [0.0020171715045401687, [89, 82, 90, 255]], [5.722472353305443e-05, [197, 187, 195, 255]], [0.0036153762832133317, [48, 39, 46, 255]]], "songsie.n.p4-32.300": [[0.21311209656605215, [105, 82, 68, 254]], [0.16877515629699308, [170, 134, 109, 255]], [0.12692211706436812, [57, 44, 35, 254]], [0.1585473284999115, [191, 165, 141, 255]], [0.1694918507995623, [213, 192, 164, 255]], [0.045623150938848465, [201, 197, 176, 255]], [0.03900545839652403, [160, 158, 136, 255]], [0.04442012802382156, [85, 86, 69, 255]], [0.02260040655348866, [45, 48, 39, 255]], [0.0004991265285749938, [130, 140, 143, 255]], [5.332548382211472e-06, [186, 193, 195, 255]], [0.003275251216354286, [69, 78, 81, 255]], [0.0031099422165057305, [40, 49, 52, 255]], [0.0037551805707533186, [40, 41, 45, 255]], [0.0007390912057745099, [78, 77, 82, 255]], [0.0001130500257028832, [144, 139, 146, 255]], [5.332548382211472e-06, [196, 189, 196, 255]]], "songsie.n.p19-50.300": [[0.22605581705935882, [111, 81, 66, 255]], [0.10022978873838781, [62, 42, 32, 255]], [0.30929695120753653, [184, 147, 119, 255]], [0.2603866473757602, [217, 193, 163, 255]], [0.03519237441816313, [201, 197, 176, 255]], [0.021706197749248767, [169, 166, 144, 255]], [0.009021335655225239, [98, 93, 63, 255]], [0.0024471518635146546, [44, 45, 33, 255]], [0.00013093375406712974, [31, 40, 42, 255]], [1.964006311006946e-05, [187, 197, 199, 255]], [6.153886441155097e-05, [148, 159, 162, 255]], [7.986958998094914e-05, [75, 86, 90, 255]], [0.024377246332218213, [99, 92, 99, 255]], [0.00011522170357907417, [198, 188, 196, 255]], [0.00404716233821498, [50, 41, 48, 255]], [0.0068321232872228296, [140, 130, 136, 255]]], "songsie.n.p25-53.300": [[0.013374705145952041, [51, 27, 20, 255]], [0.22093826067209035, [61, 45, 37, 255]], [0.20300565686121233, [101, 77, 62, 255]], [0.3079445976804244, [186, 153, 122, 255]], [0.20647600484319528, [214, 192, 160, 255]], [1.1411864459003448e-06, [219, 164, 44, 255]], [0.014955248373524018, [212, 202, 166, 255]], [0.011311440051764217, [157, 151, 121, 255]], [0.007807997662850159, [87, 85, 65, 255]], [0.00870953495511143, [47, 48, 37, 255]], [1.5976610242604825e-05, [138, 145, 147, 255]], [0.00011297745814413413, [39, 48, 51, 255]], [5.3635762957316205e-05, [70, 79, 82, 255]], [5.705932229501724e-06, [195, 188, 195, 255]], [6.39064409704193e-05, [151, 139, 148, 255]], [0.0009186550889497775, [79, 67, 75, 255]], [0.0043045552739361, [54, 43, 50, 255]]], "songsie.n.p7-48.300": [[0.2073591764296353, [103, 77, 67, 255]], [0.3015835696799192, [52, 40, 35, 255]], [0.1951927960419318, [179, 148, 129, 255]], [0.0835622613945685, [213, 192, 166, 255]], [0.015546944994493172, [203, 198, 169, 255]], [0.03240982212660568, [157, 160, 142, 255]], [0.019364631898514582, [84, 87, 74, 255]], [0.019436534521819024, [40, 43, 36, 255]], [0.00027733868988855093, [179, 192, 195, 255]], [0.02764827062777838, [138, 150, 154, 255]], [0.0053059570752751984, [36, 46, 50, 255]], [0.015885914504356956, [77, 92, 99, 255]], [0.010487511199118907, [154, 149, 160, 255]], [0.015455640076011344, [85, 79, 91, 255]], [0.04984677893367268, [40, 36, 42, 255]], [0.0006368518064107466, [198, 186, 197, 255]]],